n,method,pivot_policy,condition_2,status,pivot_tol,minimum_abs_pivot,factorization_error,forward_error,residual_norm,relative_residual,backward_error,warnings
2,package,default,19.28147006790397,solved,4.440892098500626e-16,0.08333333333333331,0.0,6.661338147750939e-16,0.0,0.0,0.0,
2,package,exact_zero_only,19.28147006790397,solved,0.0,0.08333333333333331,0.0,6.661338147750939e-16,0.0,0.0,0.0,
2,scipy,scipy_default,19.28147006790397,solved,,,,6.661338147750939e-16,0.0,0.0,0.0,[]
3,package,default,524.0567775860644,solved,6.661338147750939e-16,0.005555555555555536,0.0,9.992007221626409e-16,0.0,0.0,0.0,
3,package,exact_zero_only,524.0567775860644,solved,0.0,0.005555555555555536,0.0,9.992007221626409e-16,0.0,0.0,0.0,
3,scipy,scipy_default,524.0567775860644,solved,,,,9.992007221626409e-15,0.0,0.0,0.0,[]
4,package,default,15513.73873892924,solved,8.881784197001252e-16,0.00035714285714289005,0.0,2.391420395042587e-13,0.0,0.0,0.0,
4,package,exact_zero_only,15513.73873892924,solved,0.0,0.00035714285714289005,0.0,2.391420395042587e-13,0.0,0.0,0.0,
4,scipy,scipy_default,15513.73873892924,solved,,,,6.550315845288424e-14,0.0,0.0,0.0,[]
5,package,default,476607.2502422687,solved,1.1102230246251565e-15,1.1337868480725639e-05,1.2155726546990766e-17,2.1381452164348502e-11,2.220446049250313e-16,9.724581237592612e-17,4.86229061876136e-17,
5,package,exact_zero_only,476607.2502422687,solved,0.0,1.1337868480725639e-05,1.2155726546990766e-17,2.1381452164348502e-11,2.220446049250313e-16,9.724581237592612e-17,4.86229061876136e-17,
5,scipy,scipy_default,476607.2502422687,solved,,,,1.8258283773775474e-11,2.220446049250313e-16,9.724581237592612e-17,4.862290618766831e-17,[]
6,package,default,14951058.6424659,solved,1.3322676295501878e-15,5.726196201804619e-07,2.2657612747452178e-17,4.1051284593862647e-10,2.220446049250313e-16,9.063045098980869e-17,4.531522548681778e-17,
6,package,exact_zero_only,14951058.6424659,solved,0.0,5.726196201804619e-07,2.2657612747452178e-17,4.1051284593862647e-10,2.220446049250313e-16,9.063045098980869e-17,4.531522548681778e-17,
6,scipy,scipy_default,14951058.6424659,solved,,,,1.6130352609167176e-10,2.220446049250313e-16,9.063045098980869e-17,4.531522549188423e-17,[]
7,package,default,475367356.5921816,solved,1.5543122344752192e-15,3.00324974657243e-08,3.2113889142049987e-17,2.3452794817302447e-08,2.220446049250313e-16,8.563703771213329e-17,4.281851842336009e-17,
7,package,exact_zero_only,475367356.5921816,solved,0.0,3.00324974657243e-08,3.2113889142049987e-17,2.3452794817302447e-08,2.220446049250313e-16,8.563703771213329e-17,4.281851842336009e-17,
7,scipy,scipy_default,475367356.5921816,solved,,,,1.3001269061341247e-08,4.440892098500626e-16,1.7127407542426658e-16,8.563703723347596e-17,[]
8,package,default,15257575538.072489,solved,1.7763568394002505e-15,1.1679304759378192e-09,3.5743054012242234e-17,2.3808420790416562e-07,2.220446049250313e-16,8.169840917083938e-17,4.084920108851183e-17,
8,package,exact_zero_only,15257575538.072489,solved,0.0,1.1679304759378192e-09,3.5743054012242234e-17,2.3808420790416562e-07,2.220446049250313e-16,8.169840917083938e-17,4.084920108851183e-17,
8,scipy,scipy_default,15257575538.072489,solved,,,,1.9989761357308566e-07,2.220446049250313e-16,8.169840917083938e-17,4.084920162749075e-17,[]
9,package,default,493153755601.2197,solved,1.9984014443252818e-15,5.4357641628102417e-11,9.811200806758993e-18,1.516626955244682e-06,2.220446049250313e-16,7.848960645407194e-17,3.924477703238975e-17,
9,package,exact_zero_only,493153755601.2197,solved,0.0,5.4357641628102417e-11,9.811200806758993e-18,1.516626955244682e-06,2.220446049250313e-16,7.848960645407194e-17,3.924477703238975e-17,
9,scipy,scipy_default,493153755601.2197,solved,,,,9.50233064300754e-06,4.440892098500626e-16,1.5697921290814387e-16,7.848923353874745e-17,[]
10,package,default,16024413500363.82,solved,2.220446049250313e-15,2.575093416838732e-12,3.7904918331599983e-17,0.000923077571378883,2.220446049250313e-16,7.580983666319997e-17,3.7887431812328426e-17,
10,package,exact_zero_only,16024413500363.82,solved,0.0,2.575093416838732e-12,3.7904918331599983e-17,0.000923077571378883,2.220446049250313e-16,7.580983666319997e-17,3.7887431812328426e-17,
10,scipy,scipy_default,16024413500363.82,solved,,,,0.0008957283420520934,4.440892098500626e-16,1.5161967332639993e-16,7.577589935285254e-17,[]
11,package,default,522270324500959.4,solved,2.4424906541753444e-15,1.3121336524311118e-13,3.216836432760709e-17,0.012761289555922484,2.220446049250313e-16,7.352768989167335e-17,3.6570635807051555e-17,
11,package,exact_zero_only,522270324500959.4,solved,0.0,1.3121336524311118e-13,3.216836432760709e-17,0.012761289555922484,2.220446049250313e-16,7.352768989167335e-17,3.6570635807051555e-17,
11,scipy,scipy_default,522270324500959.4,solved,,,,0.014418972337978397,4.440892098500626e-16,1.470553797833467e-16,7.30900232969441e-17,[]
12,package,default,1.760619121841585e+16,solved,2.6645352591003757e-15,5.305394396774128e-15,4.472074005563952e-17,1.2185206444157957,4.440892098500626e-16,1.431063681780465e-16,4.7126387259337105e-17,
12,package,exact_zero_only,1.760619121841585e+16,solved,0.0,5.305394396774128e-15,4.472074005563952e-17,1.2185206444157957,4.440892098500626e-16,1.431063681780465e-16,4.7126387259337105e-17,
12,scipy,scipy_default,1.760619121841585e+16,solved,,,,0.621036852551923,2.220446049250313e-16,7.155318408902325e-17,2.829291701941508e-17,['An ill-conditioned matrix detected: slice 0 has rcond = 2.3496742904221474e-17.']
