n,method,condition_2,factorization_error,median_s,iqr_s,repeats,inner_loops,warmup_calls,calibration_calls,target_sample_s,samples_s,forward_error,residual_norm,relative_residual,backward_error,warnings
10,package_solve,67.7346117618485,1.051593677122235e-16,9.267999945829312e-05,1.8299993826076334e-06,9,30,2,1,0.003,"[9.267999945829312e-05, 9.118000064821293e-05, 9.458666706147293e-05, 9.879666613414884e-05, 9.238333344304313e-05, 9.131666641527166e-05, 9.272666745043049e-05, 9.330999940478553e-05, 9.14800000221779e-05]",8.313139468676257e-16,8.881784197001252e-16,1.168731301007893e-16,3.560969076415825e-17,
10,scipy_solve,67.7346117618485,2.10318735424447e-16,1.4527358459572326e-05,3.216980916957535e-07,9,106,2,1,0.003,"[1.7429245383267835e-05, 1.4725471528264572e-05, 1.4750943420331856e-05, 1.4472641610927036e-05, 1.4527358459572326e-05, 1.4429245328636102e-05, 1.4303773498812796e-05, 1.518679250093212e-05, 1.4429245054071663e-05]",3.4638081119484408e-15,1.7763568394002505e-15,2.337462602015786e-16,7.12193815283165e-17,[]
10,package_lu_factor,67.7346117618485,1.051593677122235e-16,7.028571382674964e-05,6.128572359947218e-06,9,42,2,1,0.003,"[9.487857113570153e-05, 6.953333338190402e-05, 7.300952399548675e-05, 6.518571379794074e-05, 6.655476214031555e-05, 6.937380905063557e-05, 7.550238141058279e-05, 7.670238084669801e-05, 7.028571382674964e-05]",,,,,
10,scipy_lu_factor,67.7346117618485,2.10318735424447e-16,4.381159458822315e-06,4.327121961044289e-07,9,483,2,1,0.003,"[5.173498950705827e-06, 4.148654259864711e-06, 6.945341595064841e-06, 4.381159458822315e-06, 4.132298148173538e-06, 4.58136645596914e-06, 4.226915122783023e-06, 4.068322987806661e-06, 4.4921324848665954e-06]",,,,,
25,package_solve,21.008060373837186,2.3859811613415974e-16,0.0002660000006601747,1.0657140852085166e-05,9,7,2,1,0.003,"[0.0002528285715795521, 0.0002683285690311875, 0.00025594285606140535, 0.00031991428529311506, 0.0002660000006601747, 0.0002612000015298171, 0.00027185714238190224, 0.0002612285690182554, 0.0003268428595869669]",9.851717211801344e-16,3.552713678800501e-15,2.026397908971136e-16,3.274450312084209e-17,
25,scipy_solve,21.008060373837186,2.2745734806563865e-16,1.9823684277454096e-05,2.673684400833098e-06,9,114,2,1,0.003,"[2.1006140486222873e-05, 2.2813157748283918e-05, 2.147982447416309e-05, 1.9704386144631396e-05, 2.0669298113748563e-05, 1.8332456085389775e-05, 1.9823684277454096e-05, 1.781491211435774e-05, 1.7696491181196872e-05]",1.1128791665183e-15,5.329070518200751e-15,3.039596863456704e-16,4.911675468126315e-17,[]
25,package_lu_factor,21.008060373837186,2.3859811613415974e-16,0.0001899142870180575,1.2607143227277054e-05,9,14,2,1,0.003,"[0.00019082857137878558, 0.00018939285655505955, 0.00021317857109741972, 0.0001865642864556451, 0.0001832999987527728, 0.00018283571366087666, 0.0001899142870180575, 0.0002044928551185876, 0.00019917142968292216]",,,,,
25,scipy_lu_factor,21.008060373837186,2.2745734806563865e-16,5.920821950732641e-06,3.665753429730051e-07,9,365,2,1,0.003,"[5.913972583510084e-06, 5.842191773173335e-06, 5.975068460716164e-06, 5.878630167587775e-06, 5.897808236337892e-06, 6.4095890481178076e-06, 5.920821950732641e-06, 6.469863001257181e-06, 6.264383579310897e-06]",,,,,
50,package_solve,136.9589799239825,4.66197878377783e-16,0.0005443333357106894,2.6100004712740653e-05,9,3,2,1,0.003,"[0.0005643000088942548, 0.0005731666654658815, 0.0005382000041815141, 0.0005978000020453086, 0.0005312666665607443, 0.0005361666747679313, 0.0005430666593989978, 0.0005443333357106894, 0.0005512333300430328]",4.902957183667004e-15,1.3322676295501878e-14,9.873486681879212e-16,1.2125589177526126e-16,
50,scipy_solve,136.9589799239825,4.559141016488613e-16,3.314477612208853e-05,4.971641421651663e-06,9,67,2,1,0.003,"[3.80119404394124e-05, 3.716119377415127e-05, 3.142835817355384e-05, 3.218955235249961e-05, 3.081044779895847e-05, 3.314477612208853e-05, 3.5329850446154824e-05, 3.766865684970546e-05, 3.2314925138324275e-05]",3.3341464193008517e-15,1.687538997430238e-14,1.2506416463713669e-15,1.5359079624866456e-16,[]
50,package_lu_factor,136.9589799239825,4.66197878377783e-16,0.00041575714047732096,3.272857117865764e-05,9,7,2,1,0.003,"[0.00041575714047732096, 0.0004077142886152225, 0.0004156571397158716, 0.0004487000031596316, 0.0004947571433149278, 0.0004428571431032781, 0.00041012857192462046, 0.00040508571380217163, 0.00043275714103531627]",,,,,
50,scipy_lu_factor,136.9589799239825,4.559141016488613e-16,1.2759788352355518e-05,9.507934991565957e-07,9,189,2,1,0.003,"[1.442804224247103e-05, 1.2759788352355518e-05, 1.223544973914546e-05, 1.2524338671937585e-05, 1.2635978809730321e-05, 1.347513217109418e-05, 1.3900000051343962e-05, 1.2413227484714259e-05, 1.3011111015522922e-05]",,,,,
100,package_solve,119.72095851056163,1.0638814137738822e-15,0.001429200012353249,9.9150012829341e-05,9,2,2,1,0.003,"[0.0014408000133698806, 0.0016145500121638179, 0.0013013000134378672, 0.001429200012353249, 0.0013518499908968806, 0.001908299993374385, 0.0014510000037262216, 0.0014164500025799498, 0.001321000003372319]",3.8548228337328686e-15,4.263256414560601e-14,1.492410046440053e-15,1.2189641101503876e-16,
100,scipy_solve,119.72095851056163,9.52718939579803e-16,6.40705881832058e-05,1.646470627747476e-05,9,34,2,1,0.003,"[7.99147057798965e-05, 9.482058864223826e-05, 6.786176527384669e-05, 6.40705881832058e-05, 6.344411710468943e-05, 6.375000007477972e-05, 6.330588246997008e-05, 6.344999950242174e-05, 0.0001600941177457571]",6.5335980232760485e-15,4.973799150320701e-14,1.741145054180062e-15,1.4221247951754536e-16,[]
100,package_lu_factor,119.72095851056163,1.0638814137738822e-15,0.0010626500006765127,1.9450002582743764e-05,9,2,2,1,0.003,"[0.0010812499967869371, 0.0010707499895943329, 0.0010626500006765127, 0.0011545000015757978, 0.0010883500071940944, 0.0010619500098982826, 0.0010617999942041934, 0.0010614000057103112, 0.0010531499865464866]",,,,,
100,scipy_lu_factor,119.72095851056163,9.52718939579803e-16,4.1235616663470864e-05,3.2219180218518166e-06,9,73,2,1,0.003,"[3.7635616361712145e-05, 4.1235616663470864e-05, 4.160273995582167e-05, 3.8519177955817686e-05, 4.17410959776695e-05, 3.827397260266318e-05, 5.187397250229467e-05, 4.023835597215348e-05, 4.45698631117248e-05]",,,,,
200,package_solve,462.3339866504946,1.6380148135482323e-15,0.004423400008818135,0.0008895999926608056,9,1,2,1,0.003,"[0.004403900005854666, 0.004975099989678711, 0.005256200005533174, 0.004423400008818135, 0.004366600012872368, 0.006087700021453202, 0.004366399982245639, 0.0043215999903623015, 0.007338900002650917]",1.8628439357369264e-14,1.1013412404281553e-13,2.768290245994475e-15,1.6810371104280867e-16,
200,scipy_solve,462.3339866504946,1.2432106788593267e-15,0.0005681999973603524,5.027499719290063e-05,9,4,2,1,0.003,"[0.0005941999988863245, 0.0005681999973603524, 0.0005625999983749352, 0.0006439249991672114, 0.0006020250002620742, 0.0005517500030691735, 0.000618800004303921, 0.0005510499977390282, 0.0005365499964682385]",2.915013689636895e-14,1.9984014443252818e-13,5.0231073011996525e-15,3.050268950373602e-16,[]
200,package_lu_factor,462.3339866504946,1.6380148135482323e-15,0.00450559999444522,0.00037970003904774785,9,1,2,1,0.003,"[0.004642100015189499, 0.004972399998223409, 0.004234099993482232, 0.00450559999444522, 0.004828599980100989, 0.0046147000102791935, 0.004262399976141751, 0.004438700008904561, 0.004040700005134568]",,,,,
200,scipy_lu_factor,462.3339866504946,1.2432106788593267e-15,0.0005408249999163672,5.850000161444768e-05,9,4,2,1,0.003,"[0.0005025499995099381, 0.0005062499985797331, 0.0005619750008918345, 0.0005694749997928739, 0.0005459999956656247, 0.0005610500011243857, 0.0005408249999163672, 0.00046157500037224963, 0.000451300002168864]",,,,,
400,package_solve,607.4191468155091,3.3038308712813564e-15,0.03645480002160184,0.0012933999823872,9,1,2,1,0.003,"[0.03679470001952723, 0.039656100008869544, 0.03645480002160184, 0.03888220002409071, 0.03551100002368912, 0.03577330001280643, 0.03489040001295507, 0.03638720000162721, 0.03706669999519363]",3.0987350536748766e-14,3.943512183468556e-13,6.125986601826411e-15,2.985500494779563e-16,
400,scipy_solve,607.4191468155091,2.7235858651417e-15,0.010716300021158531,0.002572600031271577,9,1,2,1,0.003,"[0.011862300016218796, 0.012056500010658056, 0.009037000010721385, 0.010716300021158531, 0.010910900018643588, 0.009598200005711988, 0.00928969998494722, 0.012169199995696545, 0.00906289997510612]",2.1928548464513743e-14,2.7000623958883807e-13,4.1943692048541196e-15,2.044126464894118e-16,[]
400,package_lu_factor,607.4191468155091,3.3038308712813564e-15,0.03586999999242835,0.0008546999888494611,9,1,2,1,0.003,"[0.0351440999947954, 0.03586999999242835, 0.03599879998364486, 0.03376709998701699, 0.037916500004939735, 0.035731100011616945, 0.03449049999471754, 0.036488199984887615, 0.035966800001915544]",,,,,
400,scipy_lu_factor,607.4191468155091,2.7235858651417e-15,0.008615799975814298,0.0022567000123672187,9,1,2,1,0.003,"[0.010979999991832301, 0.009453200007556006, 0.008615799975814298, 0.007196499995188788, 0.008725799998501316, 0.006798200018238276, 0.008545300021069124, 0.0067940000153612345, 0.010286300006555393]",,,,,
