problem,method,reason,converged,root,abs_error,residual,residual_kind,equation_residual,iterations,nfev,njev,note
cubic,bisection,residual,True,1.5213797068045096,5.81756864903582e-14,3.446132268436486e-13,|f(x)|,,39,41,0,simple root; g'(r)~0.14
cubic,newton,residual,True,1.5213797068045751,7.327471962526033e-15,4.529709940470639e-14,|f(x)|,,3,4,3,simple root; g'(r)~0.14
cubic,secant,residual,True,1.5213797068045645,3.3306690738754696e-15,1.84297022087776e-14,|f(x)|,,7,9,0,simple root; g'(r)~0.14
cubic,fixed_point,residual,True,1.521379706804322,2.4580337765200966e-13,2.1027624086400465e-13,|g(x)-x|,1.4594991881722308e-12,13,14,0,simple root; g'(r)~0.14
cos_minus_x,bisection,residual,True,0.7390851332147577,4.028999356364693e-13,6.744604874597826e-13,|f(x)|,,39,41,0,simple root; g'(r)~-0.67
cos_minus_x,newton,residual,True,0.7390851332151607,1.1102230246251565e-16,0.0,|f(x)|,,4,5,4,simple root; g'(r)~-0.67
cos_minus_x,secant,residual,True,0.7390851332150012,1.5931700403370996e-13,2.667865928174251e-13,|f(x)|,,5,7,0,simple root; g'(r)~-0.67
cos_minus_x,fixed_point,residual,True,0.7390851332147059,4.546363285840016e-13,7.610578833805448e-13,|g(x)-x|,7.610578833805448e-13,68,69,0,simple root; g'(r)~-0.67
exp_minus_3x,bisection,residual,True,0.6190612867358141,1.3100631690576847e-13,1.496580637194711e-13,|f(x)|,,34,36,0,smaller of two roots; g'(r)~0.62
exp_minus_3x,newton,residual,True,0.6190612867359452,1.1102230246251565e-16,2.220446049250313e-16,|f(x)|,,4,5,4,smaller of two roots; g'(r)~0.62
exp_minus_3x,secant,residual,True,0.6190612867363832,4.3809400551708677e-13,5.007105841059456e-13,|f(x)|,,7,9,0,smaller of two roots; g'(r)~0.62
exp_minus_3x,fixed_point,residual,True,0.619061286733488,2.457034575797934e-12,9.360290320614695e-13,|g(x)-x|,2.807976073881946e-12,51,52,0,smaller of two roots; g'(r)~0.62
repeated_quadratic,newton,residual,True,1.0000009536743164,9.5367431640625e-07,9.094947017729282e-13,|f(x)|,,20,21,20,double root; Newton linear with ratio 1/2; no sign-change bracket
repeated_quadratic,secant,residual,True,1.000000935521664,9.355216639139741e-07,8.752007836523707e-13,|f(x)|,,29,31,0,double root; Newton linear with ratio 1/2; no sign-change bracket
repeated_cubic,bisection,residual,True,0.99993896484375,6.103515625e-05,2.2737367544323206e-13,|f(x)|,,14,16,0,triple root; Newton linear with ratio 2/3
repeated_cubic,newton,residual,True,1.0000891047880953,8.910478809531774e-05,7.074620124651597e-13,|f(x)|,,23,24,23,triple root; Newton linear with ratio 2/3
repeated_cubic,secant,residual,True,1.0000798307316967,7.983073169670618e-05,5.087569201489641e-13,|f(x)|,,34,36,0,triple root; Newton linear with ratio 2/3
atan x0=1.3,newton,residual,True,1.2045171040057576e-14,1.2045171040057576e-14,1.2045171040057576e-14,|f(x)|,,6,7,6,Newton on atan converges only for |x0| < ~1.3917
atan x0=1.39,newton,residual,True,5.700377371737134e-13,5.700377371737134e-13,5.700377371737134e-13,|f(x)|,,10,11,10,Newton on atan converges only for |x0| < ~1.3917
atan x0=1.4,newton,zero_derivative,False,2.196353654303684e+282,2.196353654303684e+282,1.5707963267948966,|f(x)|,,14,15,15,Newton on atan converges only for |x0| < ~1.3917
atan x0=1.5,newton,zero_derivative,False,-9.459476350342202e+216,9.459476350342202e+216,1.5707963267948966,|f(x)|,,11,12,12,Newton on atan converges only for |x0| < ~1.3917
x^3-2x+2 x0=0,newton,max_iter,False,0.0,,2.0,|f(x)|,,50,51,50,"2-cycle, iterates [0.0, 1.0, 0.0, 1.0, 0.0]"
"x^3-2x+2 bracket [-2,-1]",bisection,bracket,True,-1.7692923542390417,4.1033842990145786e-13,3.0331293032759277e-12,|f(x)|,,40,42,0,"same problem, bracketing method succeeds (reference checked with scipy brentq)"
x^2-1 x0=0,newton,zero_derivative,False,0.0,1.0,1.0,|f(x)|,,0,1,1,f'(x0)=0
"x^2-1 x0=-2,x1=2",secant,zero_denominator,False,2.0,1.0,3.0,|f(x)|,,0,2,0,f(x0)=f(x1)
"e^x=3x, upper root",fixed_point,nonfinite,False,6.690927107964111e+171,6.690927107964111e+171,inf,|g(x)-x|,,8,9,0,"g'(r)=r~1.51>1: repelling fixed point, iterates diverge"
"e^x=3x, upper root",fixed_point (log form),residual,True,1.5121345516598956,2.0532464617417645e-12,6.954437026251981e-13,|g(x)-x|,3.154809746774845e-12,59,60,0,"g=log(3x), g'(r)=1/r~0.66: converges"
"x^2+1 on [-1,1]",bisection,rejected,False,,,,,,,,,"InvalidInputError: f(a) and f(b) must have opposite signs; got f(a)=2.0, f(b)=2.0."
"x^2-2, ftol=1e-30",newton,stagnation,False,1.414213562373095,2.220446049250313e-16,4.440892098500626e-16,|f(x)|,,5,6,5,"unattainable residual -> stagnation, not claimed converged"
(x-1)^3 residual test,newton,residual,True,1.0000891047880953,8.910478809531774e-05,7.074620124651597e-13,|f(x)|,,23,24,23,|f| <= 1e-12 reached with error ~1e-4: residual is |e|^3
