process,time,elapsed_time,n_paths,empirical_mean,analytic_mean,mean_error,analytic_mean_se,mean_error_in_se,empirical_variance,analytic_variance,variance_error,analytic_variance_se,variance_error_in_se
BM,0.5,0.0,120000,1.0,1.0,0.0,0.0,0.0,0.0,0.0,0.0,0.0,0.0
BM,0.75,0.25,120000,1.0760348014664673,1.075,0.0010348014664673943,0.001010362971081845,1.024187837524748,0.12256460075686466,0.12249999999999998,6.460075686468003e-05,0.0005001062395985716,0.1291740669273276
BM,1.0,0.5,120000,1.1502293881427872,1.15,0.00022938814278727904,0.0014288690166235204,0.16053825796386376,0.24600432116431695,0.24499999999999997,0.0010043211643169792,0.0010002124791971432,1.0041078122951774
BM,1.25,0.75,120000,1.2267581855005685,1.225,0.0017581855005683877,0.0017499999999999998,1.0046774288962217,0.36863141115020126,0.36749999999999994,0.0011314111502013224,0.001500318718795715,0.7541138666252797
BM,1.5,1.0,120000,1.3013424904518254,1.3,0.0013424904518253289,0.00202072594216369,0.664360477496448,0.4917551756426049,0.48999999999999994,0.001755175642604967,0.0020004249583942865,0.8774013917591902
BM,1.75,1.25,120000,1.374814236136881,1.375,-0.00018576386311908166,0.00225924028528766,-0.08222403979284085,0.6136079606534895,0.6124999999999999,0.0011079606534896147,0.0025005311979928585,0.4430901139641686
BM,2.0,1.5,120000,1.4496114049594635,1.45,-0.00038859504053645466,0.0024748737341529162,-0.15701610759930767,0.7365765751269793,0.7349999999999999,0.001576575126979396,0.00300063743759143,0.525413402908447
BM,2.25,1.75,120000,1.5259501583879518,1.525,0.0009501583879518716,0.0026731691553909067,0.35544267224380965,0.8574761903046011,0.8574999999999999,-2.3809695398835373e-05,0.0035007436771900017,-0.006801324973883002
BM,2.5,2.0,120000,1.6024133267581204,1.6,0.0024133267581203377,0.002857738033247041,0.8444884485714211,0.9809425339886106,0.9799999999999999,0.000942533988610772,0.004000849916788573,0.23558344057237993
GBM,0.5,0.0,120000,100.0,100.0,0.0,0.0,0.0,0.0,0.0,0.0,0.0,0.0
GBM,0.75,0.25,120000,101.2455394203818,101.25784515406345,-0.012305733681643005,0.029303851105264907,-0.4199357155289423,102.85277406941562,103.04588275194425,-0.19310868252863145,0.4374234536450229,-0.44146851504981865
GBM,1.0,0.5,120000,102.49820762753392,102.53151205244289,-0.03330442490897667,0.042068480756769715,-0.791671681740427,210.8876160222885,212.37084878192445,-1.4832327596359391,0.9356796158792644,-1.585192981084808
GBM,1.25,0.75,120000,103.78833847925459,103.8211997081825,-0.032861228927913544,0.05230237364839326,-0.6282932615797839,326.7072802833226,328.2645947107371,-1.5573144274144965,1.4987270272145685,-1.039091441694232
GBM,1.5,1.0,120000,105.12391592316297,105.12710963760242,-0.0031937144394476036,0.06130720511053307,-0.05209362315064821,449.84138504868963,451.0288078157967,-1.1874227671070798,2.130835646995699,-0.5572568530948162
GBM,1.75,1.25,120000,106.42155034456513,106.44944589178593,-0.027895547220794015,0.06958074658597006,-0.4009089955125423,580.3730993372311,580.9776354553181,-0.6045361180870259,2.836595497895893,-0.21312031219659408
GBM,2.0,1.5,120000,107.76334766369172,107.78841508846315,-0.025067424771435753,0.07737560835973017,-0.3239706323844814,717.1505638699617,718.4381722846015,-1.2876084146397488,3.6209278526388142,-0.35560178690149313
GBM,2.25,1.75,120000,109.09244893527142,109.14422644429519,-0.05177750902376488,0.08484058413309072,-0.6102917554473778,862.1029994689094,863.7509659252853,-1.6479664563759115,4.489098607227833,-0.36710408938724237
GBM,2.5,2.0,120000,110.46535202406088,110.51709180756477,-0.051739783503890635,0.0920720072268019,-0.561949120718521,1014.996927259571,1017.2705417726713,-2.2736145131003695,5.4467336048033035,-0.41742715507425227
